S.No,Company Name,Industry,City,State / Country,Email,Phone,Website,Address,Rating,Reviews
1,"LoadUp Junk Removal","Nonprofit Organizations","San Antonio","TX","","+18442397711","goloadup.com","85 NE Interstate 410 Loop #404, San Antonio, TX 78216, United States","4.9","285"
2,"Mdi, Inc.","Computers & Electronics","San Antonio","TX","cbaker@mdisecure.com","+12104775400","www.mdisecure.com","10226 San Pedro Ave",,
3,"Norman Seeman And Co","Energy & Utilities","San Antonio","TX","bnatera@aztecenergy.com","+12103449494","www.aztecenergy.com","40 NE Loop 410 Ste 620",,
4,"First Baptist Church of Universal City","Non-Profit","Universal City","TX","jkent@fbcuc.org","+12106586394","www.fbcuc.org","1401 Pat Booker Rd",,
5,"Stop the Cycle Education","Nonprofit Organizations","San Antonio","TX","","+12102685211","stopthecycleeducation.com","3014 Rivas St, San Antonio, TX 78228, United States","5.0","23"
6,"Furniture Mart","Furniture stores","San Antonio","TX","","+12103333180","furnituremartsa.com","323 S WW White Rd, San Antonio, TX 78219, United States","4.3","77"
7,"Warehouse Furniture","Furniture stores","San Antonio","TX","","+12109234900","warehousefurnituresouth.com","2027 Pleasanton Rd, San Antonio, TX 78221, United States","4.0","84"
8,"Soluto","Computers & Electronics","San Antonio","TX","cgorski@soluto.com","+18553001249","www.soluto.com","4703 Center Park Blvd",,
9,"Tradestone Software Inc.","Software & Internet","Gloucester","MA","ajanecek@tradestonesoftware.com","+19782813723","www.tradestonesoftware.com","17 Rogers St",,
10,"Rackspace Technology","It Services And It Consulting,Information Technology & Services,Professional Services,Information Technology And Services,Managed Security,Multi-Cloud,It As A Service,Managed Hosting,Managed Aws/Azure/Google Cloud Platform/Openstack/Alibaba,Managed Private Cloud For Vmware/Microsoft/Openstack,Compliance Solutions,Database Administration,Enterprise Application Management,Managed Oracle And Sap,Managed Magento/Hybris/Sitecore/Oracle Atg/Adobe Experience Manager","San Antonio","TX","aabraha@rackspace.com","+12103124000","http://www.rackspace.com",,,
11,"Gil's Custom Upholstery","Furniture stores","San Antonio","TX","","+12102222972","-","3406 E Commerce St, San Antonio, TX 78220, United States","4.6","21"
12,"KTSA","Non-Profit","San Antonio","TX","abauer@ktsa.com","+12106545100","www.ktsa.com","4050 Eisenhauer Rd",,
13,"Archdiocese of San Antonio","Non-Profit","San Antonio","TX","abeitel@archsa.org","+12107342620","www.archsa.org","2718 W Woodlawn Ave",,
14,"Mi Casa Furniture","Furniture stores","San Antonio","TX","","+12106822272","micasafurniture.store","6214 Northwest Loop 410, San Antonio, TX 78238, United States","4.3","157"
15,"Advanced Networking & Communications Corp.","Computers & Electronics","Augusta","NJ","ccohen@advancedgroup.net","+19739480400","www.advancedgroup.net","11 Plains Rd",,
16,"Leon Valley Baptist Church","Non-Profit","San Antonio","TX","dturner@lvbc.org","+12106845662","www.lvbc.org","7990 Grissom Rd",,
17,"Employernow","Software & Internet","San Antonio","TX","bdodge@employernow.com","+12106986911","www.employernow.com","25331 W Interstate 10 Ste 203",,
18,"BIF Technologies","Software & Internet","San Antonio","TX","bob.wigley@biftechnologies.com","+12103254130","www.biftechnologies.com","27026 Granite Path",,
19,"SecureTech","IT Consultants","San Antonio","TX","","+12107980889","getsecuretech.com","11220 W Loop 1604 N Building 1, San Antonio, TX 78254, United States","5.0","114"
20,"Texas Leather Furniture and Accessories SA","Furniture stores","San Antonio","TX","cnelson@texasleatherinteriors.com","+12104923300","texasleatherinteriors.com","4323 N Loop 1604 W Access Road, San Antonio, TX 78249, United States","4.8","182"
21,"Impact San Antonio","Nonprofit Organizations","San Antonio","TX","","+12106173280","impactsanantonio.org","24165 IH-10 West, Suite 217-462, San Antonio, TX 78257, United States","0.0","0"
22,"Siyatech Consulting","IT Consultants","San Antonio","TX","","+12108588839","siyatechconsulting.com","3507 Cherokee Cove, San Antonio, TX 78253, United States","0.0","0"
23,"Uniplus Consultants Inc","Computers & Electronics","Manassas","VA","allen.aubrey@uniplus.com","+703365222735","www.uniplus.com","8700 Centreville Rd Ste 300",,
24,"Church of Christ Mac Arthur Pk","Non-Profit","San Antonio","TX","lsmith@macarthurchurch.org","+12108247301","www.macarthurchurch.org","1907 Ne Loop 410",,
25,"Straight Edge Technology, Inc. | IT Support & Services","IT Consultants","San Antonio","TX","","+12109049177","straightedgetech.com","17300 Henderson Pass # 200, San Antonio, TX 78232, United States","5.0","4"
26,"Texas Foundation of Hope","Nonprofit Organizations","San Antonio","TX","","+12102653351","-","2845 Thousand Oaks Dr, San Antonio, TX 78232, United States","4.9","14"
27,"A Place To Heal","Health, Wellness And Fitness","San Antonio","TX","aplacetoheal@sbcglobal.net","+12107254325",,,"5.0","14"
28,"Operation Homefront, Inc.","Nonprofit Organizations","San Antonio","TX","","+12106597756","operationhomefront.org","17319 San Pedro Ave Suite 505, San Antonio, TX 78232, United States","3.7","11"
29,"Photo Telesis","Computers & Electronics","San Antonio","TX","eblack@photot.com","+12103492020","www.photot.com","4801 Nw Loop 410 Ste 203",,
30,"Conquest Systems, Inc.","Software & Internet","Bethesda","MD","bkirker@conquestsystems.com","+12022894240","www.conquestsystems.com","7617 Arlington Rd",,
31,"AAI Computers","Computers & Electronics","San Antonio","TX","balderasj@aaicomputers.com","+12107330213","www.aaicomputers.com","3726 NW Loop 410",,
32,"SA YES","Nonprofit Organizations","San Antonio","TX","","+12102988800","texasyesproject.org","7550 W I-10 Ste 508, San Antonio, TX 78229, United States","0.0","0"
33,"San Antonio Threads","Nonprofit Organizations","San Antonio","TX","","+12106003989","sanantoniothreads.org","10446 Sentinel Dr, San Antonio, TX 78217, United States","4.8","51"
34,"Genesis Networks Inc.","Software & Internet","San Antonio","TX","amills@gns-abilene.com","+13254379108","www.gns-abilene.com","Genesis Networks Inc 14220 Northbrook Dr Ste 500",,
35,"Bridgehead IT","IT Consultants","San Antonio","TX","","+12104777900","bridgeheadit.com","1355 Central Pkwy S #100, San Antonio, TX 78232, United States","4.7","41"
36,"Beyer Mechanical","Energy & Utilities","San Antonio","TX","tstoner@beyerboys.com","+12106569027","www.beyerboys.com","4711 Broom St",,
37,"NEW REACH media","Software & Internet","San Antonio","TX","mark@newreachmedia.com","+12109300918","www.newreachmedia.com","6851 Citizens Pkwy Ste 21",,
38,"Common Sense","Software & Internet","San Antonio","TX","gsanchez@getcs.com","+12108073552","www.getcs.com","1777 NE Loop 410 Ste 600",,
39,"Clan Macleod Society","Computers & Electronics","San Antonio","TX","vicki.smith@cmssa.com","+12107342794","www.cmssa.com","4550 Nw Loop 410, Ste 111",,
40,"Breaking Down Walls","Nonprofit Organizations","San Antonio","TX","","+12108028599","breakingdownwalls.org","3708 Big Meadows St, San Antonio, TX 78230, United States","4.6","9"
41,"The Alamo Executives Association","Non-Profit","San Antonio","TX","ahuyffer@alamoexecutives.com","+12104087501","www.alamoexecutives.com","3518 Hunters Sound St",,
42,"Towa Software Inc","IT Consultants","San Antonio","TX","","+12107874525","towasoftware.com","10918 Vance Jackson Rd Suite #204, San Antonio, TX 78230, United States","5.0","7"
43,"Daemon Systems LLC","Computers & Electronics","San Antonio","TX","dmartinez@daemonsystems.net","+12106157671","www.daemonsystems.net","4335 Vance Jackson Rd Ste 106",,
44,"FirstDay Foundation","Nonprofit Organizations","San Antonio","TX","","+12109051000","firstday.foundation","1506 Bexar Crossing, San Antonio, TX 78232, United States","5.0","4"
45,"Amigos Del Valle Inc","Non-Profit","Mission","TX","bwalsh@advrgv.org","+19565819494","www.advrgv.org","1116 N Conway Ave",,
46,"Easter Seals Rio Grande Valley","Non-Profit","Mcallen","TX","gdavis@easterseals-rgv.org","+19566319171","www.easterseals-rgv.org","PO Box 489",,
47,"Starr County Industrial Foundation","Non-Profit","Rio Grande City","TX","agallard@starrcounty.org","+19564872709","www.starrcounty.org","601 E Main St",,
48,"Salestrac Inc","Software & Internet","Baltimore","MD","cleong@salestrac.com","+14109510083","www.salestrac.com","901 E Fayette St",,
49,"Ccs Custom Computer Systems, Inc.","Computers & Electronics","Newton","NJ","dmambrini@ccsccs.com","+19733831501","www.ccsccs.com","11 Eagle Nest Rd",,
50,"Fellowship Bible Church Cedar Park","Non-Profit","Cedar Park","TX","ben@experiencefellowship.com","+15125282106","www.experiencefellowship.com","601 E Whitestone Blvd",,
51,"Broadway Hardware","Computers & Electronics","Mission","TX","fvollrath@broadway-hardware.com","+19565854831","www.broadway-hardware.com","114 W 9th Street",,
52,"Metro Electric Inc.","Computers & Electronics","Brownsville","TX","barry.walther@metroelectric-rgv.com","+19566862323","www.metroelectric-rgv.com","5255 Commercial Dr",,
53,"Caring Partners of Morris and Sussex, Inc.","Non-Profit","Mount Arlington","NJ","dmartin@caringpartnerscmo.org","+19737705505","www.caringpartnerscmo.org","200 Valley Road Room 406",,
54,"Menlo Systems Inc.","Computers & Electronics","Newton","NJ","awright@menlosystems.com","+19733004490","www.menlosystems.com","69 Stickles Pond Rd",,
55,"National Association for The Advancement of Colored People","Non-Profit","Baltimore","MD","agoldberg@naacpnet.org","+18776222798","www.naacpnet.org","4805 Mount Hope Dr",,
56,"APPS Software","Software & Internet","Scottsdale","AZ","bkaltenecker@appsware.com","+14804211200","www.appsware.com","6900 E Camelback Rd Ste 450",,
57,"Trueship LLC","Computers & Electronics","Scottsdale","AZ","btira@trueship.com","+14808740916","www.trueship.com","8449 E Edgemont Ave",,
58,"Septon Properties Inc","Computers & Electronics","Scottsdale","AZ","gcain@septongroup.com","+14803918383","www.septongroup.com","9319 N 94th Way Ste 100",,
59,"St. Anthony On","Non-Profit","Scottsdale","AZ","petacastill@st-anthony.net","+14804510860","www.st-anthony.net","12990 E Shea Blvd",,
60,"The Scottsdale Resort At Mccormick Ranch","Hospitality","Scottsdale","AZ","akichlu@thescottsdaleresort.com","+14809919000","http://thescottsdaleresort.com",,,
61,"Enercom, Inc.","Software & Internet","Scottsdale","AZ","bordogna@enercomusa.com","+14807040897","www.enercomusa.com","8233 N Via Paseo Del Norte Ste e300",,
62,"North American Lubricants Company","Energy & Utilities","Scottsdale","AZ","bfulcrod@nalube.com","+18004306252","www.nalube.com","8502 E Via De Ventura Ste 240",,
63,"energywise","Energy & Utilities","Dripping Springs","TX","todd@energywiseinc.net","+15128451598","www.energywiseinc.net","Po Box 1 77",,
64,"Shaw Systems Associates, Inc.","Computers & Electronics","Richmond","VA","aarakawa@shawsystems.com","+18042723800","www.shawsystems.com","808 Moorefield Park Dr Ste 210",,
65,"Kaneb Pipe Line Partners, L.P.","Energy & Utilities","San Antonio","TX","abrim@kanebpipeline.com","+12103452314","www.kanebpipeline.com","PO Box 696000",,
66,"Elgin Chamber of Commerce","Non-Profit","Elgin","TX","aflynn@elgintxchamber.com","+15122854515","www.elgintxchamber.com","114 Central Ave",,
67,"Fredericksburg Bible Church","Non-Profit","Fredericksburg","TX","inakats@fbgbible.org","+18309978834","www.fbgbible.org","107 N. Llano",,
68,"Fredericksburg Church of Christ","Non-Profit","Fredericksburg","TX","johanna@fredericksburgcc.com","+18309974632","www.fredericksburgchurchofchrist.org","507 N Llano St",,
69,"Pel State","Energy & Utilities","San Antonio","TX","joshua@pel-state.com","+12102778476","www.pel-state.com","6825 Us Highway 87 E, Ste C",,
70,"Forbes Energy Services Ltd.","Energy & Utilities","Alice","TX","athom@forbesenergyservices.com","+13616640549","www.forbesenergyservices.com","3000 S Us Highway 281",,
71,"Saint Helen Catholic Church","Non-Profit","Georgetown","TX","jeff@sainthelens.org","+15128633041","www.sainthelens.org","2700 E University Ave",,
72,"Business Recovery Concepts","Computers & Electronics","Denville","NJ","csawas@busrec.com","+19736278454","www.busrec.com","32 Kitchell Rd",,
73,"Ceratec.Net","Software & Internet","Elgin","TX","kjurs@ceratec.net","+15122852620","www.ceratec.net","Po Box 663",,
74,"Recovery Environmental Services","Energy & Utilities","Montague","NJ","dburos@recoverysrvs.com","+19739403144","www.recoverysrvs.com","51 Us Highway 206, Ste 102",,
75,"Energy Tracking Inc","Computers & Electronics","Flanders","NJ","kmothne@energytracking.com","+19734488660","www.energytracking.com","16 Southwind Dr",,
76,"Aesir Software Inc.","Software & Internet","Columbia","NJ","jennifer@aesirsoft.com","+18006097178","www.aesirsoft.com","5 Meadow Ridge Rd",,
77,"Meca Electronics Inc","Computers & Electronics","Denville","NJ","ahenn@mecaelectronics.com","+19736250661","www.e-meca.com","459 E Main St",,
78,"AERC Recycling Solutions","Computers & Electronics","Flanders","NJ","achristianson@aercrecycling.com","+19736913200","www.aercrecycling.com","3 Goldmine Rd",,
79,"Progressive Office Systems","Computers & Electronics","Georgetown","TX","patti@progressive-online.com","+15128634029","www.progressive-online.com","109 E 7Th St",,
80,"DB Pros","Software & Internet","Denville","NJ","christy@dbprosconsulting.com","+17326824692","www.dbprosconsulting.com","1603 Windsor Ct",,
81,"Battery Wholesale Distributors","Energy & Utilities","Georgetown","TX","addie@batterywholesale.com","+15128696280","www.batterywholesale.com","40120 Industrial Park Cir",,
82,"Fabsurplus","Computers & Electronics","Georgetown","TX","adale@fabsurplus.com","+15126358027","www.fabsurplus.com","2970 Williams Dr",,
83,"Audio Visual Associates","Computers & Electronics","Denville","NJ","apotrzeb@avaonline.com","+19734421999","www.avaonline.com","1 Stewart Ct",,
84,"Acock/Anaqua Operating Co","Energy & Utilities","Corpus Christi","TX","aschmit@aaoperating.com","+13618888288","www.aaoperating.com","520 Starr St",,
85,"Lifepointe Fellowship","Non-Profit","Pflugerville","TX","eugenio@lifepointefellowship.org","+15127592573","www.lifepointefellowship.org","20710 Fm 685",,
86,"Perfektdata.com","Computers & Electronics","Hackettstown","NJ","avalcar@perfektdata.com","+19089301898","www.perfektdata.com","1 Christine Rd",,
87,"Knowledgeable & Innovative Technical Solutions Management, I","Computers & Electronics","Round Rock","TX","jcampos@kits-inc.com","+15123417111","www.kits-inc.com","2801 Oakmont Dr Ste 100",,
88,"Palm Valley Lutheran Church","Non-Profit","Round Rock","TX","bconner@palmvalleylutheranchurch.org","+15122553322","www.palmvalleylutheranchurch.org","2500 E Palm Vly Blvd",,
89,"BucklingBeam","Computers & Electronics","Pflugerville","TX","jfrazer@bucklingbeam.com","+15129905535","www.bucklingbeam.com","100 W Pflugerville Pkwy Ste 111",,
90,"Orion Drilling Company, Llc","Energy & Utilities","Corpus Christi","TX","ahillar@oriondrilling.com","+13612999800","www.oriondrilling.com","674 Flato Rd",,
91,"Nustats Datasource, L.P.","Computers & Electronics","San Marcos","TX","areye@nustats.com","+15128056000","www.nustats.com","133 W San Antonio St",,
92,"J Irwin Company","Energy & Utilities","Paige","TX","mdannen@jirwinco.com","+15122530020","www.jirwinco.com","3775 Highway 290 E",,
93,"Marble Falls Church of Christ","Non-Profit","Marble Falls","TX","walter@marblefallscofc.org","+18306935575","www.marblefallscofc.org","Po Box 374",,
94,"Thunder Data Systems","Computers & Electronics","Corpus Christi","TX","rbeerman@thunderdata.com","+13618836464","www.thunderdata.com","1008 Santa Fe St",,
95,"Diocese of Corpus Christi","Non-Profit","Corpus Christi","TX","breponen@diocesecc.org","+13618826191","www.diocesecc.org","610 Lipan St",,
96,"Streamline Technical Services","Computers & Electronics","Round Rock","TX","bbailey@sts-us.net","+15122440007","www.sts-us.net","2711 Oakmont Dr",,
97,"Nucomm","Computers & Electronics","Hackettstown","NJ","akrance@nucomm.com","+19088523700","www.nucomm.com","101 Bilby Rd",,
98,"Sec-Ops, Inc.","Energy & Utilities","Corpus Christi","TX","jack@secopsinc.com","+13612996767","www.secopsinc.com","5729 Leopard St",,
99,"Cjs Well Service Inc","Energy & Utilities","Corpus Christi","TX","amanfredini@cjenergy.com","+17132609900","www.cjenergy.com","Suite 2000, 10375 Richmond Avenue",,
100,"Omega Church","Non-Profit","San Antonio","TX","aaskew@omegachurch.com","+12109229973","www.omegachurch.com","3737 Roosevelt Ave",,